{
  "m_0.0": 840.0,
  "m_0.236": 849.76096,
  "m_0.382": 855.79952,
  "m_0.5": 859.93139,
  "m_0.618": 865.56048,
  "m_0.786": 872.50896,
  "m_1.0": 881.36,
  "h_0.0": 792.0,
  "h_0.236": 817.65556,
  "h_0.382": 833.52722,
  "h_0.5": 846.355,
  "h_0.786": 877.44606,
  "h_1.0": 900.71
}