{
  "m_0.0": 4210.61,
  "m_0.236": 4317.593519999999,
  "m_0.382": 4383.77824,
  "m_0.5": 4437.27,
  "m_0.618": 4490.76176,
  "m_0.786": 4566.91952,
  "m_1.0": 4663.93,
  "h_0.0": 4060.0,
  "h_0.236": 4271.64008,
  "h_0.382": 4402.56996,
  "h_0.5": 4508.389999999999,
  "h_0.618": 4614.21004,
  "h_0.786": 4764.8690799999995,
  "h_1.0": 4956.78
}