{
  "m_0.0": 15.520000457763672,
  "m_0.236": 15.818540313720703,
  "m_0.382": 16.003230224609375,
  "m_0.5": 16.141249895095825,
  "m_0.618": 16.301770080566406,
  "m_0.786": 16.519644798278808,
  "m_1.0": 16.78499984741211,
  "h_0.0": 15.734999656677246,
  "h_0.236": 15.92143964767456,
  "h_0.382": 16.036779642105103,
  "h_0.618": 16.223219633102417,
  "h_0.786": 16.355939626693726
}