{
  "m_0.0": 21.270000457763672,
  "m_0.236": 22.511360511779785,
  "m_0.382": 23.279320545196533,
  "m_0.5": 23.90000057220459,
  "m_0.618": 24.520680599212646,
  "m_0.786": 25.404360637664794,
  "m_1.0": 26.530000686645508,
  "h_0.0": 22.774999618530273,
  "h_0.236": 23.507779510498047,
  "h_0.382": 23.96110944366455,
  "h_0.5": 24.327499389648438,
  "h_0.618": 24.693889335632324,
  "h_0.786": 25.215529258728026,
  "h_1.0": 25.8799991607666
}