{
  "m_0.0": 22.09,
  "m_0.236": 23.01984,
  "m_0.382": 23.59508,
  "m_0.5": 24.060000000000002,
  "m_0.618": 24.52492,
  "m_0.786": 25.18569,
  "m_1.0": 26.03,
  "h_0.0": 20.84,
  "h_0.236": 22.49908,
  "h_0.382": 23.52546,
  "h_0.5": 24.355,
  "h_0.786": 26.36558,
  "h_1.0": 27.87
}