{
  "m_0.0": 1.0099999904632568,
  "m_0.236": 1.106759982585907,
  "m_0.382": 1.1666199777126312,
  "m_0.5": 1.2149999737739563,
  "m_0.618": 1.2633799698352814,
  "m_0.786": 1.3322599642276765,
  "m_1.0": 1.4199999570846558,
  "h_0.0": 1.0199999809265137,
  "h_0.236": 1.0813599786758423,
  "h_0.382": 1.1193199772834779,
  "h_0.5": 1.149999976158142,
  "h_0.618": 1.1806799750328063,
  "h_0.786": 1.2243599734306336,
  "h_1.0": 1.2799999713897705
}