{
  "m_0.0": 13.175000190734863,
  "m_0.236": 13.425160064697266,
  "m_0.382": 13.579919986724853,
  "m_0.5": 13.717499732971191,
  "m_0.618": 13.83962971496582,
  "m_0.786": 13.995329685211182,
  "m_1.0": 14.234999656677246,
  "h_0.382": 13.922909585952759,
  "h_0.618": 14.042089612960815,
  "h_0.786": 14.12692963218689
}