{
  "m_0.0": 7.909999847412109,
  "m_0.236": 8.0110079536438,
  "m_0.382": 8.072811957359313,
  "m_0.5": 8.123468022346497,
  "m_0.618": 8.169252079963684,
  "m_0.786": 8.246408201217651,
  "m_1.0": 8.338000297546387,
  "h_0.0": 7.989999771118164,
  "h_0.618": 8.205064096450805,
  "h_0.786": 8.263528184890747
}