{
  "m_0.0": 194.19,
  "m_0.236": 199.80916,
  "m_0.382": 203.28542,
  "m_0.5": 206.095,
  "m_0.618": 208.90458,
  "m_0.786": 212.90466,
  "m_1.0": 218.0,
  "h_0.0": 173.43,
  "h_0.236": 183.94852,
  "h_0.382": 190.45574,
  "h_0.5": 195.715,
  "h_0.618": 200.97426000000002,
  "h_0.786": 208.46202
}